repository,issue_created_at,issue_closed_at,stars,forks
langchain-ai/langchain,2024-11-18T22:07:50Z,,95001,15390
langchain-ai/langchain,2024-11-18T21:51:40Z,2024-11-18T22:09:16Z,95001,15390
langchain-ai/langchain,2024-11-18T21:02:45Z,,95001,15390
langchain-ai/langchain,2024-11-18T20:46:12Z,2024-11-18T21:00:20Z,95001,15390
langchain-ai/langchain,2024-11-18T19:43:51Z,2024-11-18T20:46:47Z,95001,15390
langchain-ai/langchain,2024-11-18T19:34:43Z,,95001,15390
langchain-ai/langchain,2024-11-18T19:23:06Z,2024-11-18T19:35:10Z,95001,15390
langchain-ai/langchain,2024-11-18T18:52:18Z,,95001,15390
langchain-ai/langchain,2024-11-18T17:49:21Z,2024-11-18T17:58:08Z,95001,15390
langchain-ai/langchain,2024-11-18T17:40:16Z,2024-11-18T17:49:21Z,95001,15390
langchain-ai/langchain,2024-11-18T15:55:54Z,,95001,15390
langchain-ai/langchain,2024-11-18T15:53:30Z,,95001,15390
langchain-ai/langchain,2024-11-18T13:43:52Z,,95001,15390
langchain-ai/langchain,2024-11-18T13:31:25Z,,95001,15390
langchain-ai/langchain,2024-11-18T10:34:52Z,,95001,15390
langchain-ai/langchain,2024-11-18T10:17:51Z,,95001,15390
langchain-ai/langchain,2024-11-18T09:15:23Z,,95001,15390
langchain-ai/langchain,2024-11-18T07:35:14Z,,95001,15390
langchain-ai/langchain,2024-11-18T06:13:30Z,,95001,15390
langchain-ai/langchain,2024-11-18T04:59:01Z,,95001,15390
langchain-ai/langchain,2024-11-18T00:08:58Z,,95001,15390
langchain-ai/langchain,2024-11-17T22:56:32Z,,95001,15390
langchain-ai/langchain,2024-11-17T19:13:55Z,,95001,15390
langchain-ai/langchain,2024-11-17T18:58:31Z,,95001,15390
langchain-ai/langchain,2024-11-17T18:36:24Z,2024-11-18T16:27:30Z,95001,15390
langchain-ai/langchain,2024-11-17T15:43:19Z,,95001,15390
langchain-ai/langchain,2024-11-17T14:00:30Z,,95001,15390
langchain-ai/langchain,2024-11-17T09:56:22Z,2024-11-18T14:38:49Z,95001,15390
langchain-ai/langchain,2024-11-17T02:19:54Z,,95001,15390
langchain-ai/langchain,2024-11-17T01:13:01Z,,95001,15390
langchain-ai/langgraph,2024-11-18T21:57:05Z,,6711,1083
langchain-ai/langgraph,2024-11-18T21:55:43Z,2024-11-18T21:55:54Z,6711,1083
langchain-ai/langgraph,2024-11-18T21:21:56Z,,6711,1083
langchain-ai/langgraph,2024-11-18T20:46:15Z,,6711,1083
langchain-ai/langgraph,2024-11-18T17:22:22Z,2024-11-18T17:38:38Z,6711,1083
langchain-ai/langgraph,2024-11-18T16:19:07Z,2024-11-18T16:19:18Z,6711,1083
langchain-ai/langgraph,2024-11-18T14:56:38Z,,6711,1083
langchain-ai/langgraph,2024-11-18T06:38:48Z,2024-11-18T14:07:06Z,6711,1083
langchain-ai/langgraph,2024-11-17T20:18:37Z,,6711,1083
langchain-ai/langgraph,2024-11-17T01:34:59Z,2024-11-18T16:04:05Z,6711,1083
langchain-ai/langgraph,2024-11-17T01:24:27Z,2024-11-18T14:09:12Z,6711,1083
langchain-ai/langgraph,2024-11-17T00:57:45Z,,6711,1083
langchain-ai/langgraph,2024-11-16T12:39:19Z,,6711,1083
langchain-ai/langgraph,2024-11-16T00:56:38Z,2024-11-18T16:34:34Z,6711,1083
langchain-ai/langgraph,2024-11-15T23:03:43Z,2024-11-18T21:57:08Z,6711,1083
langchain-ai/langgraph,2024-11-15T22:49:08Z,2024-11-15T23:00:19Z,6711,1083
langchain-ai/langgraph,2024-11-15T22:40:18Z,2024-11-15T22:45:37Z,6711,1083
langchain-ai/langgraph,2024-11-15T22:01:29Z,,6711,1083
langchain-ai/langgraph,2024-11-15T19:54:12Z,2024-11-15T19:54:59Z,6711,1083
langchain-ai/langgraph,2024-11-15T19:00:21Z,2024-11-15T19:00:32Z,6711,1083
langchain-ai/langgraph,2024-11-15T18:43:55Z,2024-11-15T18:49:21Z,6711,1083
langchain-ai/langgraph,2024-11-15T09:52:09Z,2024-11-15T13:19:54Z,6711,1083
langchain-ai/langgraph,2024-11-15T03:06:21Z,2024-11-15T03:13:53Z,6711,1083
langchain-ai/langgraph,2024-11-15T02:24:26Z,,6711,1083
langchain-ai/langgraph,2024-11-15T02:17:45Z,2024-11-15T02:21:39Z,6711,1083
langchain-ai/langgraph,2024-11-14T20:05:25Z,,6711,1083
langchain-ai/langgraph,2024-11-14T14:37:01Z,2024-11-14T14:53:18Z,6711,1083
langchain-ai/langgraph,2024-11-14T02:44:56Z,2024-11-18T18:39:57Z,6711,1083
langchain-ai/langgraph,2024-11-14T00:53:12Z,2024-11-14T02:21:12Z,6711,1083
langchain-ai/langgraph,2024-11-13T21:39:44Z,,6711,1083
microsoft/autogen,2024-11-18T22:44:17Z,,34368,4964
microsoft/autogen,2024-11-18T22:30:17Z,,34368,4964
microsoft/autogen,2024-11-18T21:44:33Z,,34368,4964
microsoft/autogen,2024-11-18T20:22:47Z,,34368,4964
microsoft/autogen,2024-11-18T19:08:31Z,,34368,4964
microsoft/autogen,2024-11-18T18:57:11Z,,34368,4964
microsoft/autogen,2024-11-18T17:46:09Z,2024-11-18T18:04:46Z,34368,4964
microsoft/autogen,2024-11-18T17:36:09Z,2024-11-18T18:04:48Z,34368,4964
microsoft/autogen,2024-11-18T17:28:09Z,,34368,4964
microsoft/autogen,2024-11-18T16:50:30Z,,34368,4964
microsoft/autogen,2024-11-18T15:01:02Z,,34368,4964
microsoft/autogen,2024-11-18T13:25:55Z,,34368,4964
microsoft/autogen,2024-11-17T16:24:40Z,,34368,4964
microsoft/autogen,2024-11-17T16:23:09Z,,34368,4964
microsoft/autogen,2024-11-17T15:40:13Z,2024-11-17T20:04:56Z,34368,4964
microsoft/autogen,2024-11-17T14:18:45Z,2024-11-17T20:04:57Z,34368,4964
microsoft/autogen,2024-11-17T06:26:47Z,2024-11-17T06:27:29Z,34368,4964
microsoft/autogen,2024-11-17T00:55:57Z,,34368,4964
microsoft/autogen,2024-11-16T23:26:01Z,,34368,4964
microsoft/autogen,2024-11-16T22:47:17Z,,34368,4964
microsoft/autogen,2024-11-16T21:49:09Z,2024-11-16T22:03:58Z,34368,4964
microsoft/autogen,2024-11-16T21:30:00Z,2024-11-16T21:35:01Z,34368,4964
microsoft/autogen,2024-11-16T17:12:19Z,2024-11-16T22:03:59Z,34368,4964
microsoft/autogen,2024-11-16T14:59:51Z,,34368,4964
microsoft/autogen,2024-11-16T07:22:31Z,2024-11-16T17:01:38Z,34368,4964
microsoft/autogen,2024-11-16T05:57:52Z,2024-11-18T02:33:33Z,34368,4964
microsoft/autogen,2024-11-16T05:19:31Z,2024-11-16T07:25:48Z,34368,4964
microsoft/autogen,2024-11-16T00:26:41Z,2024-11-18T16:46:20Z,34368,4964
microsoft/autogen,2024-11-15T22:53:28Z,2024-11-17T01:15:11Z,34368,4964
microsoft/autogen,2024-11-15T21:44:56Z,2024-11-18T21:32:50Z,34368,4964
openai/openai-cookbook,2024-11-18T10:36:51Z,,59835,9536
openai/openai-cookbook,2024-11-13T21:27:21Z,2024-11-13T22:11:41Z,59835,9536
openai/openai-cookbook,2024-11-08T13:37:01Z,2024-11-08T14:15:32Z,59835,9536
openai/openai-cookbook,2024-11-08T09:44:36Z,2024-11-12T09:17:28Z,59835,9536
openai/openai-cookbook,2024-11-07T01:47:42Z,2024-11-08T20:51:58Z,59835,9536
openai/openai-cookbook,2024-11-06T14:39:32Z,,59835,9536
openai/openai-cookbook,2024-11-06T14:19:28Z,2024-11-06T14:38:22Z,59835,9536
openai/openai-cookbook,2024-11-06T09:02:00Z,,59835,9536
openai/openai-cookbook,2024-11-04T11:27:15Z,,59835,9536
openai/openai-cookbook,2024-11-02T09:11:34Z,,59835,9536
openai/openai-cookbook,2024-11-01T23:21:16Z,2024-11-02T09:02:06Z,59835,9536
openai/openai-cookbook,2024-11-01T18:33:40Z,,59835,9536
openai/openai-cookbook,2024-11-01T14:35:48Z,,59835,9536
openai/openai-cookbook,2024-11-01T14:21:07Z,2024-11-01T14:36:05Z,59835,9536
openai/openai-cookbook,2024-11-01T13:22:28Z,,59835,9536
openai/openai-cookbook,2024-11-01T03:45:03Z,,59835,9536
openai/openai-cookbook,2024-11-01T03:32:58Z,2024-11-01T17:32:28Z,59835,9536
openai/openai-cookbook,2024-11-01T01:25:24Z,2024-11-01T14:16:20Z,59835,9536
openai/openai-cookbook,2024-10-31T19:15:51Z,2024-11-01T13:22:48Z,59835,9536
openai/openai-cookbook,2024-10-31T19:07:56Z,,59835,9536
openai/openai-cookbook,2024-10-31T15:33:13Z,2024-11-01T02:48:46Z,59835,9536
openai/openai-cookbook,2024-10-31T14:57:26Z,2024-11-01T16:01:42Z,59835,9536
openai/openai-cookbook,2024-10-31T14:33:17Z,2024-10-31T15:12:59Z,59835,9536
openai/openai-cookbook,2024-10-31T10:05:14Z,,59835,9536
openai/openai-cookbook,2024-10-30T21:38:48Z,2024-10-30T21:49:57Z,59835,9536
openai/openai-cookbook,2024-10-30T19:33:39Z,,59835,9536
openai/openai-cookbook,2024-10-30T18:25:02Z,2024-10-30T18:25:57Z,59835,9536
openai/openai-cookbook,2024-10-29T19:59:10Z,,59835,9536
openai/openai-cookbook,2024-10-29T15:28:26Z,2024-10-29T15:30:34Z,59835,9536
openai/openai-cookbook,2024-10-29T14:07:00Z,2024-10-29T14:12:22Z,59835,9536
elastic/elasticsearch,2024-11-18T22:04:05Z,,1253,24856
elastic/elasticsearch,2024-11-18T22:02:04Z,,1253,24856
elastic/elasticsearch,2024-11-18T22:00:22Z,,1253,24856
elastic/elasticsearch,2024-11-18T21:46:55Z,2024-11-18T22:30:22Z,1253,24856
elastic/elasticsearch,2024-11-18T21:42:04Z,,1253,24856
elastic/elasticsearch,2024-11-18T21:25:47Z,,1253,24856
elastic/elasticsearch,2024-11-18T21:24:39Z,2024-11-18T23:04:57Z,1253,24856
elastic/elasticsearch,2024-11-18T21:23:31Z,,1253,24856
elastic/elasticsearch,2024-11-18T21:23:10Z,,1253,24856
elastic/elasticsearch,2024-11-18T21:01:50Z,,1253,24856
elastic/elasticsearch,2024-11-18T21:00:28Z,,1253,24856
elastic/elasticsearch,2024-11-18T20:59:04Z,,1253,24856
elastic/elasticsearch,2024-11-18T20:42:40Z,,1253,24856
elastic/elasticsearch,2024-11-18T20:07:13Z,,1253,24856
elastic/elasticsearch,2024-11-18T20:03:47Z,2024-11-18T21:24:21Z,1253,24856
elastic/elasticsearch,2024-11-18T19:11:39Z,,1253,24856
elastic/elasticsearch,2024-11-18T19:09:05Z,2024-11-18T20:15:12Z,1253,24856
elastic/elasticsearch,2024-11-18T19:03:48Z,,1253,24856
elastic/elasticsearch,2024-11-18T18:59:33Z,,1253,24856
elastic/elasticsearch,2024-11-18T18:57:13Z,2024-11-18T20:03:14Z,1253,24856
elastic/elasticsearch,2024-11-18T18:57:03Z,2024-11-18T19:59:34Z,1253,24856
elastic/elasticsearch,2024-11-18T18:34:29Z,2024-11-18T19:46:16Z,1253,24856
elastic/elasticsearch,2024-11-18T18:09:15Z,,1253,24856
elastic/elasticsearch,2024-11-18T18:09:03Z,,1253,24856
elastic/elasticsearch,2024-11-18T18:08:50Z,,1253,24856
elastic/elasticsearch,2024-11-18T17:18:46Z,,1253,24856
elastic/elasticsearch,2024-11-18T17:18:22Z,,1253,24856
elastic/elasticsearch,2024-11-18T17:04:08Z,,1253,24856
elastic/elasticsearch,2024-11-18T17:03:55Z,,1253,24856
elastic/elasticsearch,2024-11-18T16:39:57Z,,1253,24856
milvus-io/pymilvus,2024-11-18T09:36:08Z,2024-11-18T10:00:23Z,1029,328
milvus-io/pymilvus,2024-11-18T08:51:11Z,2024-11-18T10:02:24Z,1029,328
milvus-io/pymilvus,2024-11-15T18:00:20Z,,1029,328
milvus-io/pymilvus,2024-11-15T08:16:51Z,,1029,328
milvus-io/pymilvus,2024-11-15T07:43:00Z,2024-11-18T10:51:00Z,1029,328
milvus-io/pymilvus,2024-11-15T07:18:43Z,,1029,328
milvus-io/pymilvus,2024-11-15T06:54:11Z,,1029,328
milvus-io/pymilvus,2024-11-15T06:43:44Z,,1029,328
milvus-io/pymilvus,2024-11-15T03:34:47Z,,1029,328
milvus-io/pymilvus,2024-11-14T09:33:19Z,2024-11-14T09:56:23Z,1029,328
milvus-io/pymilvus,2024-11-14T09:19:14Z,2024-11-14T09:26:23Z,1029,328
milvus-io/pymilvus,2024-11-14T04:24:29Z,2024-11-14T10:50:24Z,1029,328
milvus-io/pymilvus,2024-11-14T04:18:08Z,2024-11-14T10:50:25Z,1029,328
milvus-io/pymilvus,2024-11-13T09:53:32Z,2024-11-13T10:08:22Z,1029,328
milvus-io/pymilvus,2024-11-13T09:12:18Z,,1029,328
milvus-io/pymilvus,2024-11-13T04:06:43Z,2024-11-13T09:36:28Z,1029,328
milvus-io/pymilvus,2024-11-11T23:44:19Z,,1029,328
milvus-io/pymilvus,2024-11-08T06:59:04Z,2024-11-11T06:58:20Z,1029,328
milvus-io/pymilvus,2024-11-08T03:22:28Z,,1029,328
milvus-io/pymilvus,2024-11-08T03:21:53Z,,1029,328
milvus-io/pymilvus,2024-11-07T15:10:03Z,2024-11-08T06:24:18Z,1029,328
milvus-io/pymilvus,2024-11-07T08:55:31Z,2024-11-08T06:20:19Z,1029,328
milvus-io/pymilvus,2024-11-07T06:41:26Z,2024-11-08T06:26:19Z,1029,328
milvus-io/pymilvus,2024-11-07T06:14:30Z,2024-11-07T06:28:18Z,1029,328
milvus-io/pymilvus,2024-11-07T03:32:43Z,2024-11-07T06:36:18Z,1029,328
milvus-io/pymilvus,2024-11-06T16:41:34Z,2024-11-15T03:36:52Z,1029,328
milvus-io/pymilvus,2024-11-06T12:56:01Z,,1029,328
milvus-io/pymilvus,2024-11-06T12:37:05Z,2024-11-07T02:24:18Z,1029,328
milvus-io/pymilvus,2024-11-06T12:32:38Z,2024-11-07T02:12:18Z,1029,328
milvus-io/pymilvus,2024-11-06T12:31:15Z,2024-11-15T06:08:25Z,1029,328
